Network,Plan_ID,Size,Type_Validity,Cost_Price,Default_Price,Competitor_Price,Final_Price,Status
9MOBILE,182,500 MB,GIFTING (7 Days),450.0,450.0,,450.0,Active
9MOBILE,337,500 MB,CG (30 DAYS),150.0,180.0,225.0,220.0,Active
9MOBILE,277,1.0 GB,CG (30 DAYS),300.0,350.0,450.0,445.0,Active
9MOBILE,278,1.5 GB,CG (30 DAYS),450.0,525.0,749.0,744.0,Active
9MOBILE,278,1.5 GB,CG (30 DAYS),525.0,850.0,749.0,744.0,Active
9MOBILE,279,2.0 GB,CG (30 DAYS),600.0,700.0,900.0,895.0,Active
9MOBILE,279,2.0 GB,CG (30 DAYS),700.0,1020.0,900.0,895.0,Active
9MOBILE,280,3.0 GB,CG (30 DAYS),900.0,1050.0,1350.0,1345.0,Active
9MOBILE,280,3.0 GB,CG (30 DAYS),1050.0,1275.0,1350.0,1345.0,Active
9MOBILE,281,4.0 GB,CG (30 DAYS),1200.0,1400.0,1800.0,1795.0,Active
9MOBILE,283,4.5 GB,CG (30 DAYS),1350.0,1575.0,1900.0,1895.0,Active
9MOBILE,282,5.0 GB,CG (30 DAYS),1500.0,1750.0,2250.0,2245.0,Active
9MOBILE,283,4.5 GB,CG (30 DAYS),1575.0,1700.0,1900.0,1895.0,Active
9MOBILE,187,11.0 GB,GIFTING (30 Days),3300.0,3400.0,4900.0,4895.0,Active
9MOBILE,187,11.0 GB,GIFTING (30 Days),3400.0,3400.0,4900.0,4895.0,Active
9MOBILE,188,15.0 GB,GIFTING (30 Days),4250.0,4250.0,6750.0,6745.0,Active
9MOBILE,338,20.0 GB,CG (30 DAYS),6000.0,7000.0,9000.0,8995.0,Active
9MOBILE,189,40.0 GB,GIFTING (30 Days),8500.0,8500.0,19960.0,19955.0,Active
9MOBILE,190,75.0 GB,GIFTING (30 Days),12750.0,12750.0,,12750.0,Active
AIRTEL,391,150 MB,AWOOF (1 DAY),55.0,60.0,80.0,75.0,Active
AIRTEL,392,300 MB,AWOOF (2 DAYS),98.0,98.0,125.0,120.0,Active
AIRTEL,393,600 MB,AWOOF (2 DAYS),195.0,196.0,250.0,245.0,Active
AIRTEL,394,1.0 GB,AWOOF (3 DAYS),288.0,294.0,,294.0,Active
AIRTEL,405,1.0 GB,GIFT (7 DAYS),768.0,790.0,776.0,771.0,Active
AIRTEL,395,2.0 GB,GIFT (30 DAYS),1440.0,1470.0,1455.0,1450.0,Active
AIRTEL,421,3.0 GB,GIFT (30 DAYS),1920.0,1960.0,1940.0,1935.0,Active
AIRTEL,422,4.0 GB,GIFT (30 DAYS),2400.0,2460.0,2425.0,2420.0,Active
AIRTEL,397,8.0 GB,GIFT (30 DAYS),2880.0,2950.0,2880.0,2880.0,Active
AIRTEL,398,10.0 GB,AWOOF (30 DAYS),2880.0,2940.0,3065.0,3060.0,Active
AIRTEL,423,18.0 GB,GIFT (30 DAYS),5760.0,5870.0,5820.0,5815.0,Active
GLO,357,750 MB,AWOOF GIFT (1 DAY),190.0,195.0,,195.0,Active
GLO,358,1.5 GB,AWOOF GIFT (1 DAY),285.0,291.0,,291.0,Active
GLO,359,2.5 GB,AWOOF GIFT (2 DAYS),475.0,485.0,,485.0,Active
GLO,360,9.8 GB,AWOOF GIFT (7 DAYS),1880.0,1940.0,,1940.0,Active
GLO,267,200 MB,CG (30 DAYS),90.0,100.0,,100.0,Active
GLO,268,500 MB,CG (30 DAYS),198.0,205.0,,205.0,Active
GLO,269,1.024 GB,CG (30 DAYS),400.0,420.0,,420.0,Active
GLO,270,2.0 GB,CG (30 DAYS),800.0,840.0,860.0,855.0,Active
GLO,271,3.072 GB,CG (30 DAYS),1200.0,1260.0,,1260.0,Active
GLO,196,6.15 GB,GIFTING (30 DAYS),1880.0,1940.0,1910.0,1905.0,Active
GLO,273,5.12 GB,CG (30 DAYS),2000.0,2150.0,,2150.0,Active
GLO,198,11.0 GB,GIFTING (30 DAYS),2820.0,2910.0,,2910.0,Active
GLO,199,14.5 GB,GIFTING (30 DAYS),3760.0,3880.0,,3880.0,Active
GLO,272,10.8 GB,CG (30 DAYS),4000.0,4200.0,,4200.0,Active
GLO,369,18.5 GB,GIFTING (30 DAYS),4700.0,4850.0,,4850.0,Active
GLO,202,28.0 GB,GIFTING (30 DAYS),7520.0,7760.0,7600.0,7595.0,Active
GLO,203,38.0 GB,GIFTING (30 DAYS),9400.0,9700.0,9500.0,9495.0,Active
GLO,263,107.0 GB,GIFTING (30 DAYS),18800.0,19400.0,19000.0,18995.0,Active
MTN,427,3.5 GB,1 DAY VALIDITY,970.0,980.0,,980.0,Active
MTN,363,1.5 GB,AWOOF (2 DAYS),582.0,588.0,588.0,583.0,Active
MTN,365,2.0 GB,AWOOF (2 DAYS),882.0,900.0,,900.0,Active
MTN,340,3.2 GB,AWOOF DATA (2 DAYS),970.0,980.0,970.0,970.0,Active
MTN,428,4.0 GB,2 DAYS VALIDITY,1164.0,1176.0,,1176.0,Active
MTN,429,5.5 GB,2 DAYS VALIDITY,1455.0,1470.0,,1470.0,Active
MTN,385,750 MB,GIFTING (3 DAYS),437.0,441.0,440.0,437.0,Active
MTN,417,1.0 GB,GIFT (7 DAYS),409.0,410.0,567.0,562.0,Active
MTN,417,1.0 GB,GIFT (7 DAYS),409.0,410.0,567.0,562.0,Active
MTN,382,1.2 GB,XTRA SPECIAL (7 DAYS),728.0,735.0,,735.0,Active
MTN,381,6.0 GB,GIFTING (7 DAYS),2425.0,2450.0,2425.0,2425.0,Active
MTN,341,11.0 GB,AWOOF DATA (7 DAYS),3395.0,3430.0,3395.0,3395.0,Active
MTN,390,20.0 GB,SME (7 DAYS),4850.0,4900.0,4850.0,4850.0,Active
MTN,342,500 MB,DATA SHARE (30 DAYS),310.0,350.0,,350.0,Active
MTN,342,500 MB,DATA SHARE (30 DAYS),310.0,350.0,,350.0,Active
MTN,342,500 MB,DATA SHARE (30 DAYS),310.0,350.0,,350.0,Active
MTN,342,500 MB,DATA SHARE (30 DAYS),350.0,425.0,,425.0,Active
MTN,403,1.0 GB,SME (30 DAYS),409.0,510.0,,510.0,Active
MTN,403,1.0 GB,SME (30 DAYS),500.0,510.0,,510.0,Active
MTN,403,1.0 GB,SME (30 DAYS),500.0,510.0,,510.0,Active
MTN,403,1.0 GB,SME (30 DAYS),500.0,510.0,,510.0,Active
MTN,403,1.0 GB,SME (30 DAYS),500.0,510.0,,510.0,Active
MTN,403,1.0 GB,SME (30 DAYS),510.0,850.0,,850.0,Active
MTN,344,2.0 GB,DATA SHARE (30 DAYS),900.0,950.0,1455.0,1450.0,Active
MTN,344,2.0 GB,DATA SHARE (30 DAYS),900.0,950.0,1455.0,1450.0,Active
MTN,344,2.0 GB,DATA SHARE (30 DAYS),950.0,1455.0,1455.0,1450.0,Active
MTN,344,2.0 GB,DATA SHARE (30 DAYS),950.0,1700.0,1455.0,1450.0,Active
MTN,44,3.0 GB,SME (30 DAYS),1300.0,1400.0,1494.0,1489.0,Active
MTN,44,3.0 GB,SME (30 DAYS),1300.0,1400.0,1494.0,1489.0,Active
MTN,44,3.0 GB,SME (30 DAYS),1300.0,1400.0,1494.0,1489.0,Active
MTN,44,3.0 GB,SME (30 DAYS),1400.0,1455.0,1494.0,1489.0,Active
MTN,44,3.0 GB,SME (30 DAYS),1400.0,2550.0,1494.0,1489.0,Active
MTN,346,5.0 GB,DATA SHARE (30 DAYS),1800.0,1900.0,2000.0,1995.0,Active
MTN,346,5.0 GB,DATA SHARE (30 DAYS),1800.0,1900.0,2000.0,1995.0,Active
MTN,346,5.0 GB,DATA SHARE (30 DAYS),1800.0,1900.0,2000.0,1995.0,Active
MTN,346,5.0 GB,DATA SHARE (30 DAYS),1900.0,4250.0,2000.0,1995.0,Active
MTN,379,2.7 GB,GIFTING (30 DAYS),1940.0,1960.0,1940.0,1940.0,Active
MTN,384,3.5 GB,GIFTING (30 DAYS),2425.0,2450.0,2425.0,2425.0,Active
MTN,366,10.0 GB,GIFTING (30 DAYS),4365.0,4410.0,4365.0,4365.0,Active
MTN,366,10.0 GB,GIFTING (30 DAYS),4365.0,4410.0,4365.0,4365.0,Active
MTN,383,14.5 GB,XTRA SPECIAL (30 DAYS),4850.0,4900.0,,4900.0,Active
MTN,375,12.5 GB,GIFTING (30 DAYS),5335.0,5390.0,5335.0,5335.0,Active
MTN,430,34.0 GB,30 DAYS VALIDITY,9700.0,9800.0,,9800.0,Active
MTN,372,75.0 GB,GIFTING (30 DAYS),17460.0,17640.0,17460.0,17460.0,Active
MTN,380,250.0 GB,GIFTING (30 DAYS),53350.0,53900.0,53350.0,53350.0,Active
